id,x            ,y
0 ,338142.07    ,5719759.81
1 ,396731.31    ,5720122.43
2 ,445799.15    ,5722771.49
3 ,308462.43    ,5699860.89
4 ,374311.27    ,5705428.26
5 ,430345.25    ,5703971.05
6 ,308979.33    ,5672689.09
7 ,373932.04    ,5674515.38
8 ,434569.45    ,5676445.65
9 ,356243.069444,5703762.680556
